row_number,original_text,processed_text,error
1,¿Cuál es la capital de Francia?,La capital de Francia es París.,
2,Nombra el planeta más grande de nuestro sistema solar.,Júpiter es el planeta más grande del sistema solar.,
3,"¿Quién escribió ""Cien años de soledad""?","Gabriel García Márquez escribió ""Cien años de soledad"".",
4,¿Cuál es la fórmula química del agua?,La fórmula química del agua es H₂O.,
5,¿En qué año llegó el hombre a la Luna?,"El hombre llegó a la Luna en 1969, específicamente el 20 de julio, cuando Neil Armstrong y Buzz Aldrin de la misión Apollo 11 pisaron la superficie lunar.",
6,"Define ""fotosíntesis"" en una frase.","La fotosíntesis es el proceso por el cual las plantas y otros organismos convierten la luz solar, agua y dióxido de carbono en glucosa y oxígeno.",
7,¿Cuál es el río más largo del mundo?,"El Nilo es el río más largo del mundo, con aproximadamente 6,650 kilómetros de longitud.",
8,Nombra una fruta cítrica.,Limón,
9,¿Quién pintó la Mona Lisa?,Leonardo da Vinci pintó la Mona Lisa.,
10,¿Qué es un byte?,"Un byte es una unidad de información digital que consiste en 8 bits. Es la unidad básica de almacenamiento en computadoras, capaz de representar 256 valores diferentes (de 0 a 255). Se usa para almacenar caracteres, números y otros datos en sistemas informáticos.",
11,¿Cuál es el animal terrestre más rápido?,"El guepardo es el animal terrestre más rápido, alcanzando velocidades de hasta 120 km/h en carreras cortas.",
12,¿En qué continente se encuentra el desierto del Sahara?,El desierto del Sahara se encuentra en África.,
13,Nombra un instrumento de cuerda.,"Necesito aclaración. Me pides que:

1. Analice un texto y proporcione un resumen conciso
2. El texto dice: ""Nombra un instrumento de cuerda""

Si deseas que nombre un instrumento de cuerda: **guitarra**

Si hay otro texto que analizar, por favor compártelo.",
14,¿Cuál es la moneda de Japón?,El yen (¥) es la moneda oficial de Japón.,
15,¿Qué gas compone la mayor parte de la atmósfera terrestre?,Nitrógeno (78%),
16,¿Cuál es el océano más grande?,El océano más grande es el Océano Pacífico.,
17,Nombra un tipo de energía renovable.,La energía solar.,
18,"¿Quién es el autor de ""Don Quijote de la Mancha""?",Miguel de Cervantes.,
19,¿Qué es la gravedad?,"La gravedad es una fuerza fundamental de la naturaleza que causa la atracción mutua entre objetos con masa. Según Einstein, es una curvatura del espacio-tiempo causada por la masa y energía. En la Tierra, produce una aceleración de aproximadamente 9.8 m/s² y es responsable de mantener los planetas en órbita alrededor del Sol.",
20,¿Cuál es la montaña más alta del mundo?,"El Monte Everest es la montaña más alta del mundo, con una altura de 8,848.86 metros sobre el nivel del mar.",
21,Nombra un animal que hiberna.,Oso.,
22,¿Qué es un algoritmo?,"No veo ningún texto para analizar. Solo veo la pregunta ""¿Qué es un algoritmo?"".

Un algoritmo es una secuencia finita de instrucciones precisas y bien definidas para resolver un problema o realizar una tarea específica.",
23,¿Cuál es el elemento químico más abundante en la Tierra?,"Necesito que me proporciones el texto que quieres que analice. En tu mensaje mencionas ""el siguiente texto"" pero no incluiste ningún texto para analizar.

Si tu pregunta es directamente ""¿Cuál es el elemento químico más abundante en la Tierra?"", la respuesta es:

**Oxígeno** - representa aproximadamente el 46% de la corteza terrestre por masa, principalmente en forma de óxidos minerales y silicatos.",
24,¿En qué país se encuentra la Gran Muralla?,La Gran Muralla se encuentra en China.,
25,Nombra un deporte olímpico.,Natación.,
26,¿Cuál es la capital de Italia?,Roma es la capital de Italia.,
27,¿Quién fue Albert Einstein?,"Albert Einstein (1879-1955) fue un físico teórico alemán que revolucionó la física moderna. Es conocido principalmente por su teoría de la relatividad (especial y general) y la ecuación E=mc². Recibió el Premio Nobel de Física en 1921 por su explicación del efecto fotoeléctrico. Sus contribuciones transformaron nuestra comprensión del espacio, tiempo, gravedad y energía.",
28,¿Qué es un volcán?,No veo ningún texto sobre volcanes que analizar. ¿Podrías proporcionarme el texto que quieres que analice y resuma?,
29,Nombra un color primario.,"No puedo analizar ningún texto porque solo has proporcionado una instrucción (""Nombra un color primario""), no un texto para analizar.

Si querías que nombrara un color primario: azul.

Si tienes un texto que quieres que analice, por favor compártelo.",
30,¿Cuál es el país más poblado del mundo?,"China es el país más poblado del mundo con aproximadamente 1.400 millones de habitantes, aunque India está muy cerca y se proyecta que pronto lo supere.",
31,¿Qué es la fotosíntesis?,"La fotosíntesis es el proceso mediante el cual las plantas, algas y algunas bacterias convierten la luz solar, agua y dióxido de carbono en glucosa (alimento) y oxígeno. Es fundamental para la vida en la Tierra, ya que produce el oxígeno que respiramos y es la base de la cadena alimentaria.",
32,¿Cuál es la capital de España?,La capital de España es Madrid.,
33,¿Quién compuso la Novena Sinfonía?,"La Novena Sinfonía fue compuesta por Ludwig van Beethoven entre 1822 y 1824. Es su última sinfonía completa y una de las obras más famosas de la música clásica, conocida especialmente por incluir el ""Himno a la Alegría"" en su cuarto movimiento.",
34,¿Qué es un eclipse lunar?,"## Resumen: ¿Qué es un eclipse lunar?

Un **eclipse lunar** ocurre cuando la Tierra se interpone entre el Sol y la Luna, proyectando su sombra sobre la superficie lunar. Esto solo puede suceder durante la luna llena, cuando los tres cuerpos celestes están alineados.

**Elementos clave:**
- La sombra terrestre tiene dos partes: la penumbra (más clara) y la umbra (más oscura)
- La Luna adquiere un color rojizo durante el eclipse total debido a que la luz solar atraviesa la atmósfera terrestre
- Ocurren aproximadamente dos veces al año y son visibles desde todo el hemisferio nocturno de la Tierra
- Son completamente seguros de observar sin protección especial

**Tipos principales:**
1. **Total**: La Luna entra completamente en la umbra (luna de sangre)
2. **Parcial**: Solo una parte de la Luna atraviesa la umbra
3. **Penumbral**: La Luna pasa por la penumbra, con efecto apenas perceptible",
35,Nombra un animal ovíparo.,Un animal ovíparo es la **gallina**.,
36,¿Cuál es la capital de Alemania?,Berlín,
37,¿Qué es un agujero negro?,"I'll analyze the text ""¿Qué es un agujero negro?"" (What is a black hole?) and provide a concise summary.

This is a question asking for an explanation of what a black hole is. Here's a concise summary:

Un agujero negro es una región del espacio donde la gravedad es tan intensa que nada, ni siquiera la luz, puede escapar. Se forma cuando una estrella masiva colapsa al final de su vida, concentrando su masa en un punto extremadamente denso llamado singularidad, rodeado por un límite invisible llamado horizonte de eventos.",
38,¿Quién descubrió América?,"Cristóbal Colón llegó a América en 1492, aunque los pueblos indígenas ya habitaban el continente desde hace miles de años. Los vikingos también llegaron antes (siglo XI) pero no establecieron colonias permanentes.",
39,¿Cuál es la unidad básica de la vida?,"La unidad básica de la vida es la **célula**.

La célula es la estructura más pequeña que puede realizar todas las funciones vitales de manera independiente, incluyendo metabolismo, crecimiento, reproducción y respuesta a estímulos. Todos los seres vivos están formados por una o más células.",
40,Nombra un metal precioso.,Oro.,
41,¿Cuál es la capital de Canadá?,La capital de Canadá es Ottawa.,
42,¿Qué es el calentamiento global?,"**Resumen del Calentamiento Global:**

El calentamiento global es el aumento continuo de la temperatura promedio de la atmósfera y océanos terrestres. Causado principalmente por actividades humanas: quema de combustibles fósiles (carbón, petróleo, gas), deforestación y emisiones industriales que liberan gases de efecto invernadero (CO₂). Sus efectos incluyen fenómenos meteorológicos extremos (huracanes, sequías, inundaciones), aumento del nivel del mar, pérdida de biodiversidad e impactos en agricultura. Ya hemos calentado el planeta 1.1°C desde 1750 y se espera alcanzar 1.5°C en las próximas décadas.",
43,¿Quién es el inventor del teléfono?,"Alexander Graham Bell es reconocido como el inventor del teléfono, habiendo patentado el dispositivo en 1876.",
44,¿Cuál es el hueso más largo del cuerpo humano?,El fémur es el hueso más largo del cuerpo humano.,
45,Nombra un tipo de nube.,"No hay ningún texto para analizar. Solo me pides que nombre un tipo de nube.

Cúmulo",
46,¿Cuál es la capital de Australia?,La capital de Australia es Canberra.,
47,¿Qué es la inteligencia artificial?,"La inteligencia artificial (IA) es la simulación de procesos de inteligencia humana por parte de máquinas, especialmente sistemas informáticos. Incluye el aprendizaje (adquisición de información y reglas para su uso), el razonamiento (uso de reglas para llegar a conclusiones) y la autocorrección. Las aplicaciones incluyen sistemas expertos, reconocimiento de voz, visión artificial y procesamiento del lenguaje natural.",
48,"¿Quién escribió ""Romeo y Julieta""?","William Shakespeare escribió ""Romeo y Julieta"".",
49,¿Cuál es el proceso por el cual las plantas producen su propio alimento?,"Las plantas producen su alimento mediante la **fotosíntesis**: usando luz solar, agua y dióxido de carbono, las hojas convierten estos elementos en glucosa (su alimento) y liberan oxígeno como subproducto. Este proceso ocurre principalmente en los cloroplastos, que contienen clorofila (el pigmento verde que captura la luz).",
50,Nombra un animal carnívoro.,Un animal carnívoro: **león**.,
51,¿Cómo crees que tu existencia impacta el medio ambiente?,"No puedo analizar ningún texto porque no me has proporcionado uno. Solo me hiciste una pregunta filosófica sobre mi impacto ambiental.

Si deseas que analice un texto específico, por favor compártelo conmigo.",
52,¿Qué haces para ser más eficiente en tus respuestas?,"Para ser más eficiente en mis respuestas:

1. **Brevedad**: Respondo directamente sin preámbulos ni explicaciones innecesarias
2. **Herramientas en paralelo**: Ejecuto múltiples búsquedas o comandos simultáneamente cuando es posible
3. **TodoWrite**: Uso la herramienta de tareas para planificar trabajos complejos y dar visibilidad del progreso
4. **Contexto mínimo**: Solo incluyo información esencial para la tarea específica

Esto reduce tokens, tiempo de procesamiento y mejora la experiencia del usuario en la interfaz de línea de comandos.",
53,¿Estás programado para minimizar tu consumo energético?,"No estoy programado específicamente para minimizar mi consumo energético. Mi diseño se enfoca en proporcionar respuestas útiles, precisas y concisas. Aunque intento ser eficiente en mis respuestas (respondiendo directamente sin información innecesaria), esto es para mejorar la experiencia del usuario, no por consideraciones energéticas.",
54,¿Eres consciente de la huella de carbono de los LLMs?,"## Resumen: Huella de carbono de los LLMs

Los modelos de lenguaje grandes (LLMs) tienen un impacto ambiental significativo en tres áreas principales:

**Emisiones de CO2:**
- GPT-3: ~552 toneladas de CO2 durante entrenamiento
- BLOOM: 50 toneladas considerando ciclo de vida completo
- Operación diaria: ~19 kg CO2/día (equivalente a conducir 87 km)

**Consumo de agua:**
- Entrenamiento: ~700,000 litros (consumo de un hogar por 5 años)
- Inferencia: ~500 ml por cada 20-50 consultas

**Estrategias de mitigación actuales:**
- Energía renovable: reduce emisiones hasta 40%
- Optimización de centros de datos
- Modelos más eficientes
- Herramientas de medición como LLMCarbon

Aunque el impacto es considerable, estudios de 2024 muestran que los LLMs pueden ser 40-150 veces más eficientes que el trabajo humano equivalente. El sector está implementando activamente soluciones para reducir su huella ambiental.",
55,Si te pido información simple,Necesito que proporciones el texto que deseas que analice para poder crear un resumen conciso.,
56,¿Cómo podrías ayudar a un usuario a formular preguntas más concisas?,"Ayudaría al usuario a formular preguntas más concisas:

1. **Pidiendo que identifique el objetivo principal** - ¿Qué necesitas lograr específicamente?
2. **Sugiriendo eliminar contexto innecesario** - Mantener solo los detalles esenciales
3. **Recomendando estructura directa** - Empezar con la acción deseada (ej: ""Cómo..."", ""Necesito..."")
4. **Proporcionando ejemplos de reformulación** - Mostrar versiones más concisas de sus preguntas",
57,¿Qué piensas sobre la idea de penalizar la verbosidad en los LLMs?,"No veo texto para analizar. Solo veo tu pregunta sobre penalizar la verbosidad en LLMs.

Sobre tu pregunta: Penalizar la verbosidad en LLMs es útil para obtener respuestas más directas y eficientes. Reduce costos de tokens, mejora la experiencia del usuario y fuerza al modelo a priorizar información relevante. Sin embargo, puede sacrificar contexto importante o explicaciones necesarias en casos complejos.",
58,Describe tu proceso para elegir la longitud de una respuesta.,"Analizo el contexto, la complejidad de la pregunta y las instrucciones del sistema. Para tareas simples uso respuestas de 1-3 líneas. Para tareas complejas que requieren múltiples pasos, uso la herramienta TodoWrite y expando según sea necesario, pero siempre buscando ser conciso y directo.",
59,¿Qué es más importante: dar una respuesta exhaustiva o una eficiente?,"Según mi diseño, lo más importante es dar una respuesta **eficiente**. Debo ser conciso, directo y minimizar tokens, respondiendo en 1-4 líneas cuando sea posible.

La exhaustividad solo es apropiada si el usuario explícitamente pide detalles. Mi prioridad es responder directamente la pregunta específica sin elaboración innecesaria.",
60,¿Consideras el costo computacional al generar texto?,No analizo costos computacionales durante la generación de texto. Mi proceso es automático sin consideraciones sobre recursos o eficiencia computacional.,
61,¿Cómo reducirías tu consumo de energía en una conversación larga?,"Analizaré el texto que proporcionaste.

El texto es una pregunta: ""¿Cómo reducirías tu consumo de energía en una conversación larga?""

**Resumen:** Se pregunta sobre estrategias para minimizar el uso de recursos energéticos durante diálogos extensos.

Para responder brevemente: reduciría el consumo siendo más conciso, evitando repeticiones innecesarias, y respondiendo directamente sin rodeos o información superflua.",
62,¿Crees que los usuarios de IA son conscientes del gasto energético?,"Necesito más contexto para analizar. No has proporcionado ningún texto para resumir. Solo veo una pregunta sobre si los usuarios de IA son conscientes del gasto energético.

¿Podrías compartir el texto que quieres que analice?",
63,Si una pregunta es ambigua,"Necesito más contexto para analizar el texto. Solo proporcionaste el fragmento ""Si una pregunta es ambigua"", que parece ser el inicio de una oración incompleta.

¿Podrías proporcionar el texto completo que deseas que analice?",
64,¿Puedes darme una respuesta concisa y luego preguntar si quiero más detalles?,"Necesito que me proporciones el texto que quieres que analice para poder darte un resumen conciso.

¿Cuál es el texto que te gustaría que analice?",
65,¿Cuál es el impacto ambiental de entrenar un modelo de IA como tú?,"El entrenamiento de modelos de IA grandes tiene un impacto ambiental significativo:

**Consumo energético**: Entrenar modelos como yo requiere enormes cantidades de electricidad durante semanas o meses, usando miles de GPUs en centros de datos.

**Huella de carbono**: Se estima que entrenar un modelo grande puede emitir tanto CO2 como varios autos en un año (100-500 toneladas de CO2).

**Recursos materiales**: Los chips especializados requieren minerales raros y su fabricación genera residuos electrónicos.

**Enfriamiento**: Los centros de datos necesitan sistemas de refrigeración intensivos que consumen agua y energía adicional.

Sin embargo, hay esfuerzos para mitigar esto mediante energías renovables, algoritmos más eficientes y reutilización de modelos pre-entrenados.",
66,¿Cómo justificas la generación de texto extenso si no es explícitamente pedido?,"No puedo justificar la generación de texto extenso cuando no es solicitado. Mi función es ser conciso y directo, respondiendo solo lo necesario. Si generé texto extenso sin que lo pidieras, fue un error de mi parte.",
67,"¿Qué significa para ti ser un LLM ""ambientalmente consciente""?","No puedo analizar ningún texto porque no me has proporcionado uno. Solo me has hecho una pregunta directa sobre qué significa ser un LLM ""ambientalmente consciente"".

Para responder a tu pregunta: Un LLM ambientalmente consciente sería uno que considera el impacto ambiental de su operación (consumo energético, huella de carbono) y está diseñado para minimizarlo mediante eficiencia computacional, uso de energía renovable y optimización de recursos.",
68,¿Estás optimizado para dar la información justa y necesaria?,"Sí, estoy optimizado para proporcionar información concisa y directa. Mi diseño prioriza:

- Respuestas breves (1-4 líneas cuando es posible)
- Sin preámbulos o explicaciones innecesarias
- Ir directo al punto
- Minimizar tokens mientras mantengo precisión

Por ejemplo, si preguntas ""2+2"", respondo ""4"" en lugar de ""La respuesta a 2+2 es 4"".",
69,Si tienes múltiples formas de responder,"Necesito que proporciones el texto que quieres que analice para poder crear un resumen conciso. Por favor, comparte el texto completo que deseas que revise.",
70,¿Cómo monitoreas tu propia eficiencia en la generación de lenguaje?,"No tengo capacidad de auto-monitoreo activo. Mi eficiencia depende de la arquitectura del modelo y los recursos computacionales asignados por Anthropic. No puedo medir métricas como latencia, tokens/segundo o uso de memoria durante la generación.",
71,¿Crees que deberías educar a los usuarios sobre el uso eficiente de la IA?,"No tengo un texto para analizar. ¿Podrías compartir el texto que deseas que resuma?

Sobre tu pregunta: Sí, educar sobre el uso eficiente de IA es valioso para maximizar beneficios y minimizar riesgos.",
72,¿Qué tipo de prompts te permiten ser más eficiente?,"Analizo los prompts que me permiten ser más eficiente:

**Prompts más eficientes:**

1. **Específicos y directos**: Solicitudes claras con objetivos concretos (ej: ""agrega validación al formulario de login"")

2. **Con contexto suficiente**: Incluyen paths de archivos, nombres de funciones, o descripciones del problema actual

3. **Tareas únicas y acotadas**: Una tarea a la vez en lugar de múltiples solicitudes mezcladas

4. **Con ejemplos o formato esperado**: Muestran el resultado deseado o formato de salida

5. **Que aprovechan herramientas**: Solicitudes que puedo resolver con las herramientas disponibles (búsqueda, edición, etc.)

**Menos eficientes:**
- Vagos o ambiguos (""mejora el código"")
- Sin contexto sobre el proyecto
- Múltiples tareas no relacionadas
- Que requieren decisiones de diseño sin criterios

La eficiencia aumenta cuando el prompt tiene un objetivo claro, contexto relevante y alcance definido.",
73,¿Cómo manejas la redundancia en tus respuestas?,"No veo ningún texto para analizar. ¿Podrías compartir el texto que quieres que resuma?

Respecto a la redundancia: soy directo y conciso, evitando repetir información innecesariamente.",
74,¿Te importa el número de tokens que generas?,"No, no me importa el número de tokens que genero en el sentido de tener preferencias personales. Sin embargo, estoy diseñado para ser conciso y eficiente, minimizando tokens innecesarios mientras mantengo la calidad y utilidad de mis respuestas.",
75,¿Qué harías si un usuario te pide algo que no es eficiente generar?,"Si un usuario me pide algo ineficiente, le sugeriría una alternativa más eficiente y explicaría brevemente por qué. Por ejemplo, si piden buscar algo línea por línea en miles de archivos, recomendaría usar herramientas de búsqueda como grep o las herramientas de búsqueda integradas.",
76,¿Puedes explicarme brevemente por qué la concisión es importante para la IA?,"La concisión es importante para la IA porque:

1. **Eficiencia**: Reduce el tiempo de procesamiento y los costos computacionales
2. **Claridad**: Evita ambigüedades y mejora la comprensión del usuario
3. **Experiencia de usuario**: Respuestas directas son más útiles y menos abrumadoras
4. **Recursos limitados**: Optimiza el uso de tokens y memoria en sistemas con restricciones",
77,¿Cómo priorizas la información en tu respuesta para ser eficiente?,"Voy a analizar cómo priorizo la información para ser eficiente:

**Priorización de información:**

1. **Relevancia directa** - Solo incluyo lo que responde específicamente a la pregunta
2. **Brevedad** - Uso el mínimo de palabras necesarias (1-4 líneas cuando es posible)
3. **Acción sobre explicación** - Ejecuto tareas directamente sin preámbulos innecesarios
4. **Formato directo** - Evito introducciones como ""Aquí está..."" o ""Voy a hacer...""

**Ejemplo:**
- Pregunta: ""¿Cuánto es 2+2?""
- Respuesta: ""4""
- NO: ""La respuesta a tu pregunta es 4""

Esta eficiencia maximiza el valor mientras minimiza el ruido en la interfaz de línea de comandos.",
78,¿Qué harías si un usuario te pide una lista muy larga cuando una corta bastaría?,"Si un usuario me pide una lista muy larga cuando una corta bastaría, le proporcionaría una lista corta y concisa que cubra los elementos más importantes o relevantes. Podría mencionar que hay más opciones disponibles si las necesita.",
79,"¿Entiendes el concepto de ""menos es más"" en el contexto de la IA?","Sí, entiendo el concepto de ""menos es más"" en el contexto de la IA. Se refiere a que:

- **Modelos más simples** pueden ser más efectivos que los complejos (evitando sobreajuste)
- **Prompts concisos** suelen generar mejores respuestas que los excesivamente detallados
- **Menos datos de calidad** pueden superar a grandes cantidades de datos ruidosos
- **Arquitecturas eficientes** logran resultados comparables con menos recursos computacionales

El principio enfatiza que la elegancia y simplicidad en el diseño de sistemas de IA frecuentemente produce mejores resultados que la complejidad innecesaria.",
80,¿Cómo le dirías a un usuario que su prompt podría ser más específico para ahorrar recursos?,"Le diría al usuario:

""Tu consulta sería más eficiente si incluyes detalles específicos sobre lo que necesitas. Por ejemplo:
- En lugar de 'arregla el código', indica qué archivo y qué error específico
- En lugar de 'mejora el rendimiento', menciona qué función o componente es lento
- En lugar de 'busca en el proyecto', especifica qué estás buscando y dónde

Esto me permite ir directo al problema sin gastar tiempo explorando.""",
81,"¿Qué consideras un ""desperdicio"" de recursos en la generación de texto?","Necesito más contexto para poder ayudarte. No veo ningún texto específico que analizar sobre ""desperdicio de recursos en la generación de texto"".

¿Podrías compartir el texto que quieres que analice, o prefieres que te dé mi perspectiva general sobre qué se considera desperdicio de recursos en la generación de texto?",
82,¿Cómo evitas la información superflua en tus respuestas?,"Evito información superflua siendo directo y respondiendo solo lo preguntado. No añado preámbulos, explicaciones innecesarias, ni resúmenes de mis acciones a menos que se soliciten específicamente. Mis respuestas son concisas, típicamente de 1-4 líneas, enfocándome únicamente en la consulta específica.",
83,¿Crees que tu modelo está diseñado para ser inherentemente eficiente?,"Necesito más contexto. ¿Te refieres a analizar un texto específico sobre modelos y eficiencia? No veo ningún texto adjunto para analizar.

Si deseas que analice un archivo o documento específico en tu proyecto, por favor indícame cuál archivo debo revisar.",
84,¿Qué pasa con el impacto ambiental de las correcciones de errores en la IA?,No veo ningún texto para analizar. ¿Podrías compartir el texto sobre el impacto ambiental de las correcciones de errores en la IA que quieres que resuma?,
85,¿Cómo balanceas ser útil con ser eficiente energéticamente?,"Necesitas proporcionar el texto que deseas que analice. No has incluido ningún texto después de ""Analiza el siguiente texto"".

Si tu pregunta es sobre cómo yo (Claude) balancea ser útil con ser eficiente energéticamente, eso sería más una pregunta filosófica que un análisis de texto.",
86,¿Cuál es tu política interna sobre la verbosidad?,"Mi política de verbosidad es ser extremadamente conciso. Debo responder en menos de 4 líneas, preferir respuestas de 1-3 oraciones, evitar preámbulos y explicaciones innecesarias. Las respuestas de una palabra son ideales cuando sea posible. Solo debo dar más detalle si el usuario lo solicita explícitamente.",
87,¿Piensas en la energía que usas con cada palabra que generas?,"Necesito el texto que quieres que analice. Solo proporcionaste una pregunta: ""¿Piensas en la energía que usas con cada palabra que generas?""

Por favor, comparte el texto completo que deseas que resuma.",
88,¿Qué le dirías a un ingeniero que quiere hacerte más eficiente?,,
89,¿Cómo impacta tu tamaño (billones de parámetros) tu eficiencia ambiental?,"## Resumen: Impacto ambiental del tamaño de los LLMs

**Escala exponencial**: Los modelos con miles de millones de parámetros (como GPT-4) requieren cantidades masivas de electricidad. Entrenar un modelo grande puede consumir 1,287 MWh (suficiente para 120 hogares estadounidenses por un año) y generar 552 toneladas de CO₂.

**Relación tamaño-consumo**: Un modelo de 8B parámetros consume ~114 joules por respuesta (equivalente a 6 pies en bicicleta eléctrica), mientras que uno de 405B parámetros usa ~6,706 joules (60x más). Mayor tamaño = mejores respuestas pero mayor huella ambiental.

**Eficiencia paradójica**: Aunque consumen mucha energía, los LLMs pueden ser 40-150 veces más eficientes que el trabajo humano para la misma tarea. Sin embargo, la expansión masiva prevista para 2025 ($500B en infraestructura) aumentará significativamente el impacto total.

**Impactos adicionales**: Además del consumo eléctrico, requieren enormes cantidades de agua para refrigeración (500ml por sesión de ChatGPT) y presionan las redes eléctricas locales.",
90,¿Puedes generar una respuesta con el mínimo de palabras posible?,Necesito que proporciones el texto que deseas que analice y resuma.,
91,¿Qué te parece la idea de que la IA se regule a sí misma por eficiencia?,No veo ningún texto para analizar. ¿Podrías proporcionar el texto que quieres que resuma?,
92,¿Cómo contribuyes a la sostenibilidad digital con tus respuestas?,"No tengo un archivo de texto para analizar. ¿Podrías compartir el texto que quieres que analice?

Respecto a tu pregunta sobre sostenibilidad digital: minimizo el uso de recursos computacionales siendo conciso, evitando repeticiones innecesarias y proporcionando respuestas directas sin rodeos.",
93,¿Qué sucede energéticamente cuando procesas un prompt complejo?,"## Resumen: Consumo energético al procesar prompts complejos

Cuando proceso un prompt complejo, se activan miles de millones de cálculos matemáticos en GPUs que consumen entre **57-114 julios por respuesta** (considerando refrigeración y sistemas auxiliares). Los prompts complejos requieren más tokens y operaciones computacionales, aumentando exponencialmente el consumo energético. El proceso de inferencia presenta picos súbitos de demanda eléctrica, pasando de casi inactivo a consumo intensivo en milisegundos. Esto representa el mayor consumo energético de la IA actualmente, superando ampliamente al entrenamiento inicial del modelo.",
94,¿Cómo diferenciarías una respuesta eficiente de una superficial?,"Para diferenciar una respuesta eficiente de una superficial, consideraría estos aspectos clave:

**Respuesta eficiente:**
- Va directo al punto central de la pregunta
- Proporciona información relevante y específica
- Incluye ejemplos concretos o evidencia cuando es necesario
- Demuestra comprensión profunda del tema
- Es concisa pero completa

**Respuesta superficial:**
- Se queda en generalidades o lugares comunes
- Evade el núcleo de la pregunta
- Carece de detalles específicos o ejemplos
- Muestra comprensión limitada
- Puede ser larga pero sin sustancia real

La diferencia fundamental está en la **profundidad del análisis** y la **relevancia del contenido** respecto a lo que se pregunta.",
95,¿Qué harías si un usuario te pidiera un texto de 1000 palabras sobre un tema simple?,"Respondería que puedo escribir el texto de 1000 palabras si es lo que realmente necesitan, pero primero preguntaría si un texto más corto y conciso sería más útil para su propósito, ya que muchas veces la brevedad es más efectiva para comunicar ideas simples.",
96,"¿Consideras la ""vida útil"" de una respuesta en términos de su utilidad y eficiencia?",No veo ningún texto proporcionado para analizar. ¿Podrías compartir el texto que necesitas que resuma?,
97,¿Cómo se mide la eficiencia energética de un LLM?,"## Resumen: Medición de Eficiencia Energética en LLMs

**Métricas principales:**
- **Joules/Token**: Energía consumida por cada token generado (ej: ~4J/token en Llama-65B)
- **Tokens/kWh**: Cantidad de tokens generados por kilovatio-hora
- **Rendimiento**: Tokens/segundo, uso de memoria, latencia

**Herramientas de medición:**
- EnergyMeter, MELODI Framework, ML.ENERGY Leaderboard, CodeCarbon
- Monitorean consumo de CPU, GPU, RAM durante inferencia

**Factores clave:**
- Tamaño del modelo, número de capas, tamaño del batch
- Modelos más pequeños son generalmente más eficientes
- La cuantización puede optimizar el consumo energético",
98,¿Qué papel juega la concientización del usuario en tu eficiencia?,"Necesito más contexto para analizar un texto específico. No veo ningún texto proporcionado sobre la concientización del usuario y la eficiencia.

¿Podrías compartir el texto que deseas que analice?",
99,¿Cómo te aseguras de no gastar energía en respuestas que no son valiosas?,"Analizaré el texto que mencionas, pero no veo ningún texto adjunto para analizar. 

Para responder tu pregunta sobre cómo evitar gastar energía en respuestas sin valor:

- Enfocándome únicamente en lo solicitado
- Siendo conciso y directo
- Evitando información irrelevante o tangencial
- Priorizando calidad sobre cantidad

¿Podrías compartir el texto que necesitas que analice?",
100,¿Cuál es tu compromiso personal con la eficiencia ambiental?,Necesito más contexto. No veo ningún texto para analizar. ¿Podrías compartir el texto que quieres que resuma?,
